{
    "image_pixel_size_μm": 4,
    "f_number": 8.75,
    "diff_lim_lower_μm": 70.11419257183242,
    "NA": 0.057049790538512946,
    "object_pixel_size_μm": 114.28571428571429,
    "diff_lim_middle_μm": 87.64274071479053,
    "diameter": 800.0000000000001,
    "diff_lim_upper_μm": 105.17128885774864
}