{
    "image_pixel_size_μm": 28.000000000000004,
    "diff_lim_lower_μm": 20.396078054371138,
    "NA": 0.19611613513818404,
    "object_pixel_size_μm": 466.6666666666668,
    "diff_lim_middle_μm": 25.495097567963924,
    "diff_lim_upper_μm": 30.594117081556707
}