{
    "image_pixel_size_μm": 28.000000000000004,
    "diff_lim_lower_μm": 20.39607805437114,
    "NA": 0.19611613513818402,
    "object_pixel_size_μm": 800.0000000000001,
    "diff_lim_middle_μm": 25.495097567963928,
    "diff_lim_upper_μm": 30.59411708155671
}