{
    "image_pixel_size_μm": 28.000000000000004,
    "f_number": 2.4755859375,
    "diff_lim_lower_μm": 20.204594699539413,
    "NA": 0.19797477056499355,
    "object_pixel_size_μm": 276.1341222879685,
    "diff_lim_middle_μm": 25.255743374424267,
    "diameter": 8192,
    "diff_lim_upper_μm": 30.30689204930912
}